"Store #123",store,123,circle,50,"[-73.975363,40.783826]",true,"{""parking"":false}"
"SoHo",neighborhood,soho,polygon,,"[[-73.996973,40.725660],[-73.998282,40.726294],[-74.001072,40.727660],[-74.002853,40.728603],[-74.003282,40.727936],[-74.003840,40.726310],[-74.004226,40.725351],[-74.004998,40.723530],[-74.005191,40.722993],[-74.005556,40.722115],[-74.004462,40.721334],[-74.001908,40.719496],[-73.999827,40.718016],[-73.997467,40.720863],[-73.997016,40.722212],[-73.996501,40.723497],[-73.995750,40.724278],[-73.995128,40.725107],[-73.996973,40.725660]]",true,
"15 minutes driving to Disney World","car-15",disney,isochrone,15|car,"[-81.563874,28.385233]",true,"{""type"":""resort""}"
